id,password,last_login,is_superuser,groups,user_permissions,is_staff,is_active,date_joined,email,first_name,last_name,snu_id
3,pbkdf2_a,,0,,,0,0,,3@2.com,Mary,Nell,nx673
4,pbkdf2_n,,0,,,0,0,,4@0.com,Anna,Alberta,ta978
5,pbkdf2_m,,0,,,0,0,,5@2.com,Emma,Katharine,ly557
6,pbkdf2_l,,0,,,0,0,,6@1.com,Elizabeth,Lora,ro729
7,pbkdf2_i,,0,,,0,0,,7@2.com,Minnie,Rena,ld810
8,pbkdf2_a,,0,,,0,0,,8@2.com,Margaret,Mina,io835
9,pbkdf2_d,,0,,,0,0,,9@2.com,Ida,Rhoda,sz576
10,pbkdf2_l,,0,,,0,0,,10@2.com,Alice,Mathilda,lk522
11,pbkdf2_e,,0,,,0,0,,11@2.com,Bertha,Abbie,ta638
12,pbkdf2_a,,0,,,0,0,,12@2.com,Sarah,Eula,vn842
13,pbkdf2_n,,0,,,0,0,,13@2.com,Annie,Dollie,gw936
14,pbkdf2_l,,0,,,0,0,,14@2.com,Clara,Hettie,xp622
15,pbkdf2_l,,0,,,0,0,,15@2.com,Ella,Eunice,oo585
16,pbkdf2_l,,0,,,0,0,,16@3.com,Florence,Fanny,hu987
17,pbkdf2_o,,0,,,0,0,,17@2.com,Cora,Ola,ks668
18,pbkdf2_a,,0,,,0,0,,18@2.com,Martha,Lenora,pk942
19,pbkdf2_a,,0,,,0,0,,19@1.com,Laura,Adelaide,bl890
20,pbkdf2_e,,0,,,0,0,,20@0.com,Nellie,Christina,sv746
21,pbkdf2_r,,0,,,0,0,,21@2.com,Grace,Lelia,ir638
22,pbkdf2_a,,0,,,0,0,,22@2.com,Carrie,Nelle,rm509
23,pbkdf2_a,,0,,,0,0,,23@1.com,Maude,Sue,ck578
24,pbkdf2_a,,0,,,0,0,,24@2.com,Mabel,Johanna,tq839
25,pbkdf2_e,,0,,,0,0,,25@2.com,Bessie,Lilly,wo712
26,pbkdf2_e,,0,,,0,0,,26@1.com,Jennie,Lucinda,tb665
27,pbkdf2_e,,0,,,0,0,,27@3.com,Gertrude,Minerva,yi536
28,pbkdf2_u,,0,,,0,0,,28@3.com,Julia,Lettie,so830
29,pbkdf2_a,,0,,,0,0,,29@0.com,Hattie,Roxie,md626
30,pbkdf2_d,,0,,,0,0,,30@1.com,Edith,Cynthia,at531
31,pbkdf2_a,,0,,,0,0,,31@1.com,Mattie,Helena,jc549
32,pbkdf2_o,,0,,,0,0,,32@0.com,Rose,Hilda,nj610
33,pbkdf2_a,,0,,,0,0,,33@0.com,Catherine,Hulda,by677
34,pbkdf2_i,,0,,,0,0,,34@0.com,Lillian,Bernice,gv558
35,pbkdf2_d,,0,,,0,0,,35@1.com,Ada,Genevieve,zh615
36,pbkdf2_i,,0,,,0,0,,36@2.com,Lillie,Jean,bh681
37,pbkdf2_e,,0,,,0,0,,37@2.com,Helen,Cordelia,ns674
38,pbkdf2_e,,0,,,0,0,,38@2.com,Jessie,Marian,my983
39,pbkdf2_o,,0,,,0,0,,39@2.com,Louise,Francis,sf948
40,pbkdf2_t,,0,,,0,0,,40@2.com,Ethel,Jeanette,zm576
41,pbkdf2_u,,0,,,0,0,,41@1.com,Lula,Adeline,my932
42,pbkdf2_y,,0,,,0,0,,42@1.com,Myrtle,Gussie,gf594
43,pbkdf2_v,,0,,,0,0,,43@2.com,Eva,Leah,ze671
44,pbkdf2_r,,0,,,0,0,,44@1.com,Frances,Lois,tw632
45,pbkdf2_e,,0,,,0,0,,45@1.com,Lena,Lura,sl626
46,pbkdf2_u,,0,,,0,0,,46@1.com,Lucy,Mittie,vo818
47,pbkdf2_d,,0,,,0,0,,47@2.com,Edna,Hallie,vu638
48,pbkdf2_a,,0,,,0,0,,48@1.com,Maggie,Isabella,cm864
49,pbkdf2_e,,0,,,0,0,,49@1.com,Pearl,Olga,qk823
50,pbkdf2_a,,0,,,0,0,,50@1.com,Daisy,Phoebe,vh804
51,pbkdf2_a,,0,,,0,0,,51@1.com,Fannie,Teresa,js696
52,pbkdf2_o,,0,,,0,0,,52@1.com,Josephine,Hester,od558
53,pbkdf2_o,,0,,,0,0,,53@1.com,Dora,Lida,tp908
54,pbkdf2_o,,0,,,0,0,,54@1.com,Rosa,Lina,nj544
55,pbkdf2_a,,0,,,0,0,,55@2.com,Katherine,Winnie,xa764
56,pbkdf2_g,,0,,,0,0,,56@2.com,Agnes,Claudia,qk529
57,pbkdf2_a,,0,,,0,0,,57@2.com,Marie,Marguerite,gw557
58,pbkdf2_o,,0,,,0,0,,58@2.com,Nora,Vera,ak626
59,pbkdf2_a,,0,,,0,0,,59@2.com,May,Cecelia,io846
60,pbkdf2_a,,0,,,0,0,,60@2.com,Mamie,Bess,ss571
61,pbkdf2_l,,0,,,0,0,,61@2.com,Blanche,Emilie,fg774
62,pbkdf2_t,,0,,,0,0,,62@2.com,Stella,John,se691
63,pbkdf2_l,,0,,,0,0,,63@2.com,Ellen,Rosetta,rc992
64,pbkdf2_a,,0,,,0,0,,64@2.com,Nancy,Verna,eb896
65,pbkdf2_f,,0,,,0,0,,65@2.com,Effie,Myrtie,yk665
66,pbkdf2_a,,0,,,0,0,,66@2.com,Sallie,Cecilia,wp640
67,pbkdf2_e,,0,,,0,0,,67@2.com,Nettie,Elva,cv873
68,pbkdf2_e,,0,,,0,0,,68@2.com,Della,Olivia,qa762
69,pbkdf2_i,,0,,,0,0,,69@2.com,Lizzie,Ophelia,qt507
70,pbkdf2_l,,0,,,0,0,,70@2.com,Flora,Georgie,nd852
71,pbkdf2_u,,0,,,0,0,,71@2.com,Susie,Elnora,rx807
72,pbkdf2_a,,0,,,0,0,,72@2.com,Maud,Violet,bv520
73,pbkdf2_a,,0,,,0,0,,73@2.com,Mae,Adele,wp891
74,pbkdf2_t,,0,,,0,0,,74@2.com,Etta,Lily,vn883
75,pbkdf2_a,,0,,,0,0,,75@2.com,Harriet,Linnie,ze857
76,pbkdf2_a,,0,,,0,0,,76@2.com,Sadie,Loretta,hb823
77,pbkdf2_a,,0,,,0,0,,77@2.com,Caroline,Madge,xl940
78,pbkdf2_a,,0,,,0,0,,78@2.com,Katie,Polly,vr619
79,pbkdf2_y,,0,,,0,0,,79@2.com,Lydia,Virgie,pt794
80,pbkdf2_l,,0,,,0,0,,80@2.com,Elsie,Eugenia,qi605
81,pbkdf2_a,,0,,,0,0,,81@2.com,Kate,Lucile,to855
82,pbkdf2_u,,0,,,0,0,,82@2.com,Susan,Lucille,np579
83,pbkdf2_o,,0,,,0,0,,83@2.com,Mollie,Mabelle,mo790
84,pbkdf2_l,,0,,,0,0,,84@2.com,Alma,Rosalie,yn740
85,pbkdf2_d,,0,,,0,0,,85@2.com,Addie,Kittie,dm894
86,pbkdf2_e,,0,,,0,0,,86@2.com,Georgia,Meta,gn595
87,pbkdf2_l,,0,,,0,0,,87@2.com,Eliza,Angie,ft849
88,pbkdf2_u,,0,,,0,0,,88@2.com,Lulu,Dessie,bt569
89,pbkdf2_a,,0,,,0,0,,89@2.com,Nannie,Georgiana,rv960
90,pbkdf2_o,,0,,,0,0,,90@2.com,Lottie,Lila,by560
91,pbkdf2_m,,0,,,0,0,,91@2.com,Amanda,Regina,mb685
92,pbkdf2_e,,0,,,0,0,,92@1.com,Belle,Selma,yk657
93,pbkdf2_h,,0,,,0,0,,93@2.com,Charlotte,Wilhelmina,up643
94,pbkdf2_e,,0,,,0,0,,94@2.com,Rebecca,Bridget,uw826
95,pbkdf2_u,,0,,,0,0,,95@2.com,Ruth,Lilla,xk944
96,pbkdf2_i,,0,,,0,0,,96@2.com,Viola,Malinda,is652
97,pbkdf2_l,,0,,,0,0,,97@1.com,Olive,Vina,lf631
98,pbkdf2_m,,0,,,0,0,,98@1.com,Amelia,Freda,hz982
99,pbkdf2_a,,0,,,0,0,,99@1.com,Hannah,Gertie,jq763
100,pbkdf2_a,,0,,,0,0,,100@1.com,Jane,Jeannette,zc703
101,pbkdf2_i,,0,,,0,0,,101@1.com,Virginia,Louella,fh739
102,pbkdf2_m,,0,,,0,0,,102@1.com,Emily,Mandy,zw969
103,pbkdf2_a,,0,,,0,0,,103@1.com,Matilda,Roberta,ax944
104,pbkdf2_r,,0,,,0,0,,104@2.com,Irene,Cassie,ua755
105,pbkdf2_a,,0,,,0,0,,105@2.com,Kathryn,Corinne,wd511
106,pbkdf2_s,,0,,,0,0,,106@1.com,Esther,Ivy,tj723
107,pbkdf2_i,,0,,,0,0,,107@1.com,Willie,Melissa,mz608
108,pbkdf2_e,,0,,,0,0,,108@1.com,Henrietta,Lyda,zx933
109,pbkdf2_l,,0,,,0,0,,109@1.com,Ollie,Naomi,rv967
110,pbkdf2_m,,0,,,0,0,,110@1.com,Amy,Norma,or940
111,pbkdf2_a,,0,,,0,0,,111@1.com,Rachel,Bell,aj564
112,pbkdf2_a,,0,,,0,0,,112@2.com,Sara,Margie,gt955
113,pbkdf2_s,,0,,,0,0,,113@2.com,Estella,Nona,xp548
114,pbkdf2_h,,0,,,0,0,,114@2.com,Theresa,Zella,tw740
115,pbkdf2_u,,0,,,0,0,,115@2.com,Augusta,Dovie,xu835
116,pbkdf2_r,,0,,,0,0,,116@2.com,Ora,Elvira,bn754
117,pbkdf2_a,,0,,,0,0,,117@2.com,Pauline,Erma,fa564
118,pbkdf2_o,,0,,,0,0,,118@2.com,Josie,Irma,ar927
119,pbkdf2_o,,0,,,0,0,,119@3.com,Lola,Leota,sv875
120,pbkdf2_o,,0,,,0,0,,120@3.com,Sophia,William,fr869
121,pbkdf2_e,,0,,,0,0,,121@0.com,Leona,Artie,tk641
122,pbkdf2_n,,0,,,0,0,,122@0.com,Anne,Blanch,cc504
123,pbkdf2_i,,0,,,0,0,,123@1.com,Mildred,Charity,ns717
124,pbkdf2_n,,0,,,0,0,,124@1.com,Ann,Lorena,ey791
125,pbkdf2_e,,0,,,0,0,,125@2.com,Beulah,Lucretia,vt755
126,pbkdf2_a,,0,,,0,0,,126@2.com,Callie,Orpha,ch650
127,pbkdf2_o,,0,,,0,0,,127@2.com,Lou,Alvina,ey548
128,pbkdf2_e,,0,,,0,0,,128@1.com,Delia,Annette,rz679
129,pbkdf2_l,,0,,,0,0,,129@1.com,Eleanor,Catharine,ft565
130,pbkdf2_a,,0,,,0,0,,130@1.com,Barbara,Elma,jg627
131,pbkdf2_v,,0,,,0,0,,131@2.com,Iva,Geneva,kx747
132,pbkdf2_o,,0,,,0,0,,132@2.com,Louisa,Janet,dx526
